{"cameraMode":{"drawMode":0,"name":"Shaded","section":"Shading Mode"},"sceneLighting":false,"audioPlay":false,"sceneViewState":{"showFog":true,"showMaterialUpdate":true,"showSkybox":true,"showFlares":true,"showImageEffects":false,"showParticleSystems":true},"in2DMode":false,"pivot":{"x":0.6401233673095703,"y":1.685662031173706,"z":0.7883100509643555},"rotation":{"x":-0.0559031218290329,"y":0.9018293023109436,"z":-0.12277107685804367,"w":-0.41054269671440127},"size":2.702869415283203,"orthographic":false}