{"cameraMode":{"drawMode":0,"name":"Shaded","section":"Shading Mode"},"sceneLighting":false,"audioPlay":false,"sceneViewState":{"showFog":true,"showMaterialUpdate":true,"showSkybox":true,"showFlares":true,"showImageEffects":false,"showParticleSystems":true},"in2DMode":false,"pivot":{"x":-0.13395023345947267,"y":0.6506819128990173,"z":1.0479202270507813},"rotation":{"x":0.0964483916759491,"y":-0.6383479237556458,"z":0.08104146271944046,"w":0.7594001889228821},"size":2.7758896350860597,"orthographic":false}